{
  "Total" : {
    "transaction" : "Total",
    "sampleCount" : 10000,
    "errorCount" : 2743,
    "errorPct" : 27.43,
    "meanResTime" : 3201.552899999993,
    "medianResTime" : 2671.5,
    "minResTime" : 23.0,
    "maxResTime" : 11601.0,
    "pct1ResTime" : 7063.0,
    "pct2ResTime" : 9771.949999999999,
    "pct3ResTime" : 11275.0,
    "throughput" : 777.8469197261979,
    "receivedKBytesPerSec" : 13.513798882817362,
    "sentKBytesPerSec" : 0.0
  },
  "Thrift" : {
    "transaction" : "Thrift",
    "sampleCount" : 10000,
    "errorCount" : 2743,
    "errorPct" : 27.43,
    "meanResTime" : 3201.552899999993,
    "medianResTime" : 2671.5,
    "minResTime" : 23.0,
    "maxResTime" : 11601.0,
    "pct1ResTime" : 7063.0,
    "pct2ResTime" : 9771.949999999999,
    "pct3ResTime" : 11275.0,
    "throughput" : 777.8469197261979,
    "receivedKBytesPerSec" : 13.513798882817362,
    "sentKBytesPerSec" : 0.0
  }
}