{
  "Total" : {
    "transaction" : "Total",
    "sampleCount" : 10,
    "errorCount" : 0,
    "errorPct" : 0.0,
    "meanResTime" : 22.400000000000002,
    "medianResTime" : 21.0,
    "minResTime" : 20.0,
    "maxResTime" : 34.0,
    "pct1ResTime" : 32.800000000000004,
    "pct2ResTime" : 34.0,
    "pct3ResTime" : 34.0,
    "throughput" : 11.098779134295228,
    "receivedKBytesPerSec" : 0.2785533435072142,
    "sentKBytesPerSec" : 0.0
  },
  "Thrift" : {
    "transaction" : "Thrift",
    "sampleCount" : 10,
    "errorCount" : 0,
    "errorPct" : 0.0,
    "meanResTime" : 22.400000000000002,
    "medianResTime" : 21.0,
    "minResTime" : 20.0,
    "maxResTime" : 34.0,
    "pct1ResTime" : 32.800000000000004,
    "pct2ResTime" : 34.0,
    "pct3ResTime" : 34.0,
    "throughput" : 11.098779134295228,
    "receivedKBytesPerSec" : 0.2785533435072142,
    "sentKBytesPerSec" : 0.0
  }
}