{
  "JavaRMI" : {
    "transaction" : "JavaRMI",
    "sampleCount" : 10,
    "errorCount" : 0,
    "errorPct" : 0.0,
    "meanResTime" : 26.599999999999998,
    "medianResTime" : 22.0,
    "minResTime" : 20.0,
    "maxResTime" : 57.0,
    "pct1ResTime" : 54.50000000000001,
    "pct2ResTime" : 57.0,
    "pct3ResTime" : 57.0,
    "throughput" : 12.091898428053204,
    "receivedKBytesPerSec" : 0.2893081166868198,
    "sentKBytesPerSec" : 0.0
  },
  "Total" : {
    "transaction" : "Total",
    "sampleCount" : 10,
    "errorCount" : 0,
    "errorPct" : 0.0,
    "meanResTime" : 26.599999999999998,
    "medianResTime" : 22.0,
    "minResTime" : 20.0,
    "maxResTime" : 57.0,
    "pct1ResTime" : 54.50000000000001,
    "pct2ResTime" : 57.0,
    "pct3ResTime" : 57.0,
    "throughput" : 12.091898428053204,
    "receivedKBytesPerSec" : 0.2893081166868198,
    "sentKBytesPerSec" : 0.0
  }
}